Name,Tier,Type 1,Type 2,HP,Attack,Defense,Special Attack,Special Defense,Speed
Abomasnow,PU,Grass,Ice,90,92,75,92,85,60
Abomasnow-Mega,NU,Grass,Ice,90,132,105,132,105,30
Abra,LC,Psychic,NOT2,25,20,15,105,55,90
Absol,PU,Dark,NOT2,65,130,60,75,60,75
Absol-Mega,RU,Dark,NOT2,65,150,60,115,60,115
Accelgor,NU,Bug,NOT2,80,70,40,100,60,145
Aegislash,Uber,Steel,Ghost,60,50,150,50,150,60
Aegislash-Blade,Uber,Steel,Ghost,60,150,50,150,50,60
Aerodactyl,RU,Rock,Flying,80,105,65,60,75,130
Aerodactyl-Mega,UU,Rock,Flying,80,135,85,70,95,150
Aggron,PU,Rock,Steel,70,110,180,60,60,50
Aggron-Mega,UU,Steel,NOT2,70,140,230,60,80,50
Alakazam,UU,Psychic,NOT2,55,50,45,135,95,120
Alakazam-Mega,OU,Psychic,NOT2,55,50,65,175,105,150
Alomomola,UU,Water,NOT2,165,75,80,40,45,65
Altaria,NU,Dragon,Flying,75,70,90,70,105,80
Altaria-Mega,UU,Dragon,Fairy,75,110,110,110,105,80
Amaura,LC,Rock,Ice,77,59,50,67,63,46
Ambipom,NU,Normal,NOT2,75,100,66,60,66,115
Amoonguss,OU,Grass,Poison,114,85,70,85,80,30
Ampharos,PU,Electric,NOT2,90,75,85,115,90,55
Ampharos-Mega,RU,Electric,Dragon,90,95,105,165,110,45
Anorith,LC,Bug,Rock,45,95,50,40,50,75
Arbok,PU,Poison,NOT2,60,95,69,65,79,80
Arcanine,UU,Fire,NOT2,90,110,80,100,80,95
Arceus,Uber,Normal,NOT2,120,120,120,120,120,120
Archen,LC,Rock,Flying,55,112,45,74,45,70
Archeops,PU,Rock,Flying,75,140,65,112,65,110
Ariados,PU,Bug,Poison,70,90,70,60,70,40
Armaldo,PU,Bug,Rock,75,125,100,70,80,45
Aromatisse,NU,Fairy,NOT2,101,72,72,99,89,29
Aron,LC,Rock,Steel,50,70,100,40,40,30
Articuno,PU,Ice,Flying,90,85,100,95,125,85
Audino,PU,Normal,NOT2,103,60,86,60,86,50
Audino-Mega,NU,Normal,Fairy,103,60,126,80,126,50
Aurorus,PU,Rock,Ice,123,77,72,99,92,58
Avalugg,PU,Ice,NOT2,95,117,184,44,46,28
Axew,LC,Dragon,NOT2,46,87,60,30,40,57
Azelf,UU,Psychic,NOT2,75,125,70,125,70,115
Azumarill,UU,Water,Fairy,100,50,80,60,80,50
Azurill,LC,Normal,Fairy,50,20,40,20,40,20
Bagon,LC,Dragon,NOT2,45,75,60,40,30,50
Baltoy,LC,Ground,Psychic,40,40,55,40,70,55
Banette,PU,Ghost,NOT2,64,115,65,83,63,65
Banette-Mega,RU,Ghost,NOT2,64,165,75,93,83,75
Barbaracle,NU,Rock,Water,72,105,115,54,86,68
Barboach,LC,Ground,Water,50,48,43,46,41,60
Basculin,PU,Water,NOT2,70,92,65,80,55,98
Bastiodon,PU,Rock,Steel,60,52,168,47,138,30
Beartic,PU,Ice,NOT2,95,130,80,70,80,50
Beautifly,PU,Bug,Flying,60,70,50,100,50,65
Beedrill,PU,Bug,Poison,65,90,40,45,80,75
Beedrill-Mega,UU,Bug,Poison,65,150,40,15,80,145
Beheeyem,PU,Psychic,NOT2,75,75,75,125,95,40
Beldum,LC,Psychic,Steel,40,55,80,35,60,30
Bellossom,PU,Grass,NOT2,75,80,95,90,100,50
Bellsprout,LC,Grass,Poison,50,75,35,70,30,40
Bergmite,LC,Ice,NOT2,56,69,86,32,36,28
Bibarel,PU,Normal,Water,79,85,60,55,60,71
Bidoof,LC,Normal,NOT2,59,45,40,35,40,31
Binacle,LC,Rock,Water,42,52,67,39,56,50
Bisharp,OU,Dark,Steel,65,125,100,60,70,70
Blastoise,NU,Water,NOT2,79,83,100,85,105,78
Blastoise-Mega,RU,Water,NOT2,79,103,120,135,115,78
Blaziken,Uber,Fire,Fighting,80,120,70,110,70,80
Blaziken-Mega,Uber,Fire,Fighting,80,160,80,130,80,100
Blissey,UU,Normal,NOT2,255,10,10,75,135,55
Blitzle,LC,Electric,NOT2,45,60,32,50,32,76
Bonsly,LC,Rock,NOT2,50,80,95,10,45,10
Bouffalant,PU,Normal,NOT2,95,110,95,40,95,55
Bounsweet,LC,Grass,NOT2,42,30,38,30,38,32
Braviary,NU,Flying,Normal,100,123,75,57,75,80
Breloom,UU,Fighting,Grass,60,130,80,60,60,70
Bronzong,RU,Psychic,Steel,67,89,116,79,116,33
Bronzor,LC,Psychic,Steel,57,24,86,24,86,23
Bruxish,NU,Psychic,Water,68,105,70,70,70,92
Budew,LC,Grass,Poison,40,30,35,50,70,55
Buizel,LC,Water,NOT2,55,65,35,60,30,85
Bulbasaur,LC,Grass,Poison,45,49,49,65,65,45
Buneary,LC,Normal,NOT2,55,66,44,44,56,85
Bunnelby,LC,Normal,NOT2,38,36,38,32,36,57
Burmy,LC,Bug,NOT2,40,29,45,29,45,36
Butterfree,PU,Bug,Flying,60,45,50,90,80,70
Buzzwole,UU,Bug,Fighting,107,139,139,53,53,79
Cacnea,LC,Grass,NOT2,50,85,40,85,40,35
Cacturne,PU,Dark,Grass,70,115,60,115,60,55
Camerupt,PU,Fire,Ground,70,100,70,105,75,40
Camerupt-Mega,NU,Fire,Ground,70,120,100,145,105,20
Carbink,PU,Rock,Fairy,50,50,150,50,150,50
Carnivine,PU,Grass,NOT2,74,100,72,90,72,46
Carracosta,PU,Rock,Water,74,108,133,83,65,32
Carvanha,LC,Dark,Water,45,90,20,65,20,65
Castform,PU,Normal,NOT2,70,70,70,70,70,70
Caterpie,LC,Bug,NOT2,45,30,35,20,20,45
Celebi,UU,Grass,Psychic,100,100,100,100,100,100
Celesteela,OU,Steel,Flying,97,101,103,107,101,61
Chandelure,UU,Fire,Ghost,60,55,90,145,90,80
Chansey,OU,Normal,NOT2,250,5,5,35,105,50
Charizard,PU,Fire,Flying,78,84,78,109,85,100
Charizard-Mega-X,OU,Fire,Dragon,78,130,111,130,85,100
Charizard-Mega-Y,UU,Fire,Flying,78,104,78,159,115,100
Charmander,LC,Fire,NOT2,39,52,43,60,50,65
Chatot,PU,Flying,Normal,76,65,45,92,42,91
Cherrim,PU,Grass,NOT2,70,60,70,87,78,85
Cherubi,LC,Grass,NOT2,45,35,45,62,53,35
Chesnaught,RU,Grass,Fighting,88,107,122,74,75,64
Chespin,LC,Grass,NOT2,56,61,65,48,45,38
Chikorita,LC,Grass,NOT2,45,49,65,49,65,45
Chimchar,LC,Fire,NOT2,44,58,44,58,44,61
Chimecho,PU,Psychic,NOT2,75,50,80,95,90,65
Chinchou,LC,Electric,Water,75,38,38,56,56,67
Chingling,LC,Psychic,NOT2,45,30,50,65,50,45
Cinccino,NU,Normal,NOT2,75,95,60,65,60,115
Clamperl,LC,Water,NOT2,35,64,85,74,55,32
Clauncher,LC,Water,NOT2,50,53,62,58,63,44
Clawitzer,NU,Water,NOT2,71,73,88,120,89,59
Claydol,NU,Ground,Psychic,60,70,105,70,120,75
Clefable,OU,Fairy,NOT2,95,70,73,95,90,60
Clefairy,PU,Fairy,NOT2,70,45,48,60,65,35
Cleffa,LC,Fairy,NOT2,50,25,28,45,55,15
Cloyster,RU,Ice,Water,50,95,180,85,45,70
Cobalion,UU,Fighting,Steel,91,90,129,90,72,108
Cofagrigus,NU,Ghost,NOT2,58,50,145,95,105,30
Combee,LC,Bug,Flying,30,30,42,30,42,70
Comfey,NU,Fairy,NOT2,51,52,90,82,110,100
Conkeldurr,UU,Fighting,NOT2,105,140,95,55,65,45
Corphish,LC,Water,NOT2,43,80,65,50,35,35
Corsola,PU,Rock,Water,65,55,95,65,95,35
Cosmog,LC,Psychic,NOT2,43,29,31,29,31,37
Cottonee,LC,Grass,Fairy,40,27,60,37,50,66
Crabominable,PU,Fighting,Ice,97,132,77,62,67,43
Crabrawler,LC,Fighting,NOT2,47,82,57,42,47,63
Cradily,PU,Grass,Rock,86,81,97,81,107,43
Cranidos,LC,Rock,NOT2,67,125,40,30,30,58
Crawdaunt,UU,Dark,Water,63,120,85,90,55,55
Cresselia,RU,Psychic,NOT2,120,70,120,75,130,85
Croagunk,LC,Fighting,Poison,48,61,40,61,40,50
Crobat,UU,Flying,Poison,85,90,80,70,80,130
Crustle,PU,Bug,Rock,70,105,125,65,75,45
Cryogonal,NU,Ice,NOT2,80,50,50,95,135,105
Cubchoo,LC,Ice,NOT2,55,70,40,60,40,40
Cubone,LC,Ground,NOT2,50,50,95,40,50,35
Cyndaquil,LC,Fire,NOT2,39,52,43,60,50,65
Darkrai,Uber,Dark,NOT2,70,90,90,135,90,125
Darmanitan,UU,Fire,NOT2,105,140,55,30,55,95
Darmanitan-Zen,UU,Fire,Psychic,105,30,105,140,105,55
Darumaka,LC,Fire,NOT2,70,90,45,15,45,50
Decidueye,RU,Grass,Ghost,78,107,75,100,100,70
Dedenne,PU,Electric,Fairy,67,58,57,81,67,101
Deerling,LC,Grass,Normal,60,60,50,40,50,75
Deino,LC,Dark,Dragon,52,65,50,45,50,38
Delcatty,PU,Normal,NOT2,70,65,65,55,55,90
Delibird,PU,Flying,Ice,45,55,45,65,45,75
Delphox,NU,Fire,Psychic,75,69,72,114,100,104
Deoxys,Uber,Psychic,NOT2,50,150,50,150,50,150
Deoxys-Attack,Uber,Psychic,NOT2,50,180,20,180,20,150
Deoxys-Defense,Uber,Psychic,NOT2,50,70,160,70,160,90
Deoxys-Speed,Uber,Psychic,NOT2,50,95,90,95,90,180
Dewgong,PU,Ice,Water,90,70,80,70,95,70
Dewpider,LC,Water,Bug,38,40,52,40,72,27
Dhelmise,RU,Ghost,Grass,70,131,100,86,90,40
Dialga,Uber,Dragon,Steel,100,120,120,150,100,90
Diancie,NU,Rock,Fairy,50,100,150,100,150,50
Diancie-Mega,OU,Rock,Fairy,50,160,110,160,110,110
Diggersby,UU,Normal,Ground,85,56,77,50,77,78
Diglett,LC,Ground,NOT2,10,55,25,35,45,95
Diglett-Alola,LC,Ground,Steel,10,55,30,35,45,90
Ditto,PU,Normal,NOT2,48,48,48,48,48,48
Dodrio,NU,Flying,Normal,60,110,70,60,60,110
Doduo,LC,Flying,Normal,35,85,45,35,35,75
Donphan,RU,Ground,NOT2,90,120,120,60,60,50
Doublade,RU,Steel,Ghost,59,110,150,45,49,35
Dragalge,RU,Poison,Dragon,65,75,90,97,123,44
Dragonite,UU,Dragon,Flying,91,134,95,100,100,80
Drampa,PU,Normal,Dragon,78,60,85,135,91,36
Drapion,RU,Dark,Poison,70,90,110,60,75,95
Dratini,LC,Dragon,NOT2,41,64,45,50,50,50
Drifblim,PU,Flying,Ghost,150,80,44,90,54,80
Drilbur,LC,Ground,NOT2,60,85,40,30,45,68
Drowzee,LC,Psychic,NOT2,60,48,45,43,90,42
Druddigon,NU,Dragon,NOT2,77,120,90,60,90,48
Ducklett,LC,Flying,Water,62,44,50,44,50,55
Dugtrio,PU,Ground,NOT2,35,100,50,50,70,120
Dugtrio-Alola,PU,Ground,Steel,35,100,60,50,70,110
Dunsparce,PU,Normal,NOT2,100,70,70,65,65,45
Durant,RU,Bug,Steel,58,109,112,48,48,109
Dusknoir,PU,Ghost,NOT2,45,100,135,65,135,45
Duskull,LC,Ghost,NOT2,20,40,90,30,90,25
Dustox,PU,Bug,Poison,60,50,70,50,90,65
Dwebble,LC,Bug,Rock,50,65,85,35,35,55
Eelektross,PU,Electric,NOT2,85,115,80,105,80,50
Eevee,LC,Normal,NOT2,55,55,50,45,65,55
Ekans,LC,Poison,NOT2,35,60,44,40,54,55
Electivire,PU,Electric,NOT2,75,123,67,95,85,95
Electrike,LC,Electric,NOT2,40,45,40,65,40,65
Electrode,PU,Electric,NOT2,60,50,70,80,80,150
Elekid,LC,Electric,NOT2,45,63,37,65,55,95
Elgyem,LC,Psychic,NOT2,55,55,55,85,55,30
Emboar,RU,Fighting,Fire,110,123,65,100,65,65
Emolga,PU,Electric,Flying,55,75,60,75,60,103
Empoleon,UU,Steel,Water,84,86,88,111,101,60
Entei,RU,Fire,NOT2,115,115,85,90,75,100
Escavalier,RU,Bug,Steel,70,135,105,60,105,20
Espeon,RU,Psychic,NOT2,65,65,60,130,95,110
Espurr,LC,Psychic,NOT2,62,48,54,63,60,68
Excadrill,OU,Ground,Steel,110,135,60,50,65,88
Exeggcute,LC,Grass,Psychic,60,40,80,60,45,40
Exeggutor,PU,Grass,Psychic,95,95,85,125,75,55
Exeggutor-Alola,PU,Grass,Dragon,95,105,85,125,75,45
Exploud,NU,Normal,NOT2,104,91,63,91,73,68
Farfetch'd,PU,Normal,Flying,52,90,55,58,62,60
Fearow,PU,Flying,Normal,65,90,65,61,61,100
Feebas,LC,Water,NOT2,20,15,20,10,55,80
Fennekin,LC,Fire,NOT2,40,45,40,62,60,60
Feraligatr,RU,Water,NOT2,85,105,100,79,83,78
Ferroseed,PU,Grass,Steel,44,50,91,24,86,10
Ferrothorn,OU,Grass,Steel,74,94,131,54,116,20
Finneon,LC,Water,NOT2,49,49,56,49,61,66
Flabebe,LC,Fairy,NOT2,44,38,39,61,79,42
Flareon,PU,Fire,NOT2,65,130,60,95,110,65
Fletchling,LC,Normal,Flying,45,50,43,40,38,62
Floatzel,PU,Water,NOT2,85,105,55,85,50,115
Florges,RU,Fairy,NOT2,78,65,68,112,154,75
Flygon,RU,Dragon,Ground,80,100,80,80,80,100
Fomantis,LC,Grass,NOT2,40,55,35,50,35,35
Foongus,LC,Grass,Poison,69,55,45,55,55,15
Forretress,RU,Bug,Steel,75,90,140,60,60,40
Frillish,LC,Ghost,Water,55,40,50,65,85,40
Froakie,LC,Water,NOT2,41,56,41,62,44,71
Froslass,NU,Ghost,Ice,70,80,70,80,70,110
Furfrou,PU,Normal,NOT2,75,80,60,65,90,102
Furret,PU,Normal,NOT2,85,76,64,45,55,90
Gallade,PU,Fighting,Psychic,68,125,65,65,115,80
Gallade-Mega,UU,Psychic,Fighting,68,165,95,65,115,110
Galvantula,RU,Bug,Electric,70,77,60,97,60,108
Garbodor,NU,Poison,NOT2,80,95,82,60,82,75
Garchomp,OU,Dragon,Ground,108,130,95,80,85,102
Garchomp-Mega,OU,Dragon,Ground,108,170,115,120,95,92
Gardevoir,RU,Psychic,Fairy,68,65,65,125,115,80
Gardevoir-Mega,UU,Psychic,Fairy,68,85,65,165,135,100
Gastly,LC,Ghost,Poison,30,35,30,100,35,80
Gastrodon,PU,Ground,Water,111,83,68,92,82,39
Genesect,Uber,Bug,Steel,71,120,95,120,95,99
Gengar,UU,Ghost,Poison,60,65,60,130,75,110
Gengar-Mega,Uber,Ghost,Poison,60,65,80,170,95,130
Geodude,LC,Ground,Rock,40,80,100,30,30,20
Geodude-Alola,LC,Rock,Electric,40,80,100,30,30,20
Gible,LC,Dragon,Ground,58,70,45,40,45,42
Gigalith,NU,Rock,NOT2,85,135,130,60,80,25
Girafarig,PU,Normal,Psychic,70,80,65,90,65,85
Giratina,Uber,Dragon,Ghost,150,100,120,100,120,90
Giratina-Origin,Uber,Dragon,Ghost,150,120,100,120,100,90
Glaceon,PU,Ice,NOT2,65,60,110,130,95,65
Glalie,PU,Ice,NOT2,80,80,80,80,80,80
Glalie-Mega,RU,Ice,NOT2,80,120,80,120,80,100
Glameow,LC,Normal,NOT2,49,55,42,42,37,85
Gligar,RU,Ground,Flying,65,75,105,35,65,85
Gliscor,UU,Ground,Flying,75,95,125,45,75,95
Gogoat,PU,Grass,NOT2,123,100,62,97,81,68
Golbat,NU,Flying,Poison,75,80,70,65,75,90
Goldeen,LC,Water,NOT2,45,67,60,35,50,63
Golduck,PU,Water,NOT2,80,82,78,95,80,85
Golem,PU,Ground,Rock,80,120,130,55,65,45
Golem-Alola,PU,Rock,Electric,80,120,130,55,65,45
Golett,LC,Ghost,Ground,59,74,50,35,50,35
Golisopod,RU,Bug,Water,75,125,140,60,90,40
Golurk,PU,Ghost,Ground,89,124,80,55,80,55
Goodra,RU,Dragon,NOT2,90,100,70,110,150,80
Goomy,LC,Dragon,NOT2,45,50,35,55,75,40
Gorebyss,PU,Water,NOT2,55,84,105,114,75,52
Gothitelle,PU,Psychic,NOT2,70,55,95,95,110,65
Gourgeist,PU,Ghost,Grass,65,90,122,58,75,84
Gourgeist-Large,PU,Ghost,Grass,75,95,122,58,75,69
Gourgeist-Small,PU,Ghost,Grass,55,85,122,58,75,99
Gourgeist-Super,PU,Ghost,Grass,85,100,122,58,75,54
Granbull,PU,Fairy,NOT2,90,120,75,60,60,45
Greninja,OU,Water,Dark,72,95,67,103,71,122
Greninja-Ash,OU,Water,Dark,72,145,67,153,71,132
Grimer,LC,Poison,NOT2,80,80,50,40,50,25
Grimer-Alola,LC,Poison,Dark,80,80,50,40,50,25
Groudon,Uber,Ground,NOT2,100,150,140,100,90,90
Groudon-Primal,Uber,Ground,Fire,100,180,160,150,90,90
Growlithe,LC,Fire,NOT2,55,70,45,70,50,60
Grubbin,LC,Bug,NOT2,47,62,45,55,45,46
Grumpig,PU,Psychic,NOT2,80,45,65,90,110,80
Gulpin,LC,Poison,NOT2,70,43,53,43,53,40
Gumshoos,PU,Normal,NOT2,88,110,60,55,60,45
Gurdurr,PU,Fighting,NOT2,85,105,85,40,50,40
Guzzlord,NU,Dark,Dragon,223,101,53,97,53,43
Gyarados,UU,Flying,Water,95,125,79,60,100,81
Gyarados-Mega,OU,Water,Dark,95,155,109,70,130,81
Happiny,LC,Normal,NOT2,100,5,5,15,65,30
Hariyama,NU,Fighting,NOT2,144,120,60,40,60,50
Haunter,PU,Ghost,Poison,45,50,45,115,55,95
Hawlucha,OU,Fighting,Flying,78,92,77,74,63,118
Haxorus,UU,Dragon,NOT2,76,147,90,60,70,97
Heatmor,PU,Fire,NOT2,85,97,66,105,66,65
Heatran,OU,Fire,Steel,91,90,106,130,106,77
Heliolisk,NU,Electric,Normal,62,55,52,109,94,109
Helioptile,LC,Electric,Normal,44,38,33,61,43,70
Heracross,UU,Bug,Fighting,80,125,75,40,95,85
Heracross-Mega,UU,Bug,Fighting,80,185,115,40,105,75
Hippopotas,LC,Ground,NOT2,68,72,78,38,42,32
Hippowdon,UU,Ground,NOT2,108,112,118,68,72,47
Hitmonchan,PU,Fighting,NOT2,50,105,79,35,110,76
Hitmonlee,NU,Fighting,NOT2,50,120,53,35,110,87
Hitmontop,NU,Fighting,NOT2,50,95,95,35,110,70
Ho-Oh,Uber,Fire,Flying,106,130,90,110,154,90
Honchkrow,RU,Dark,Flying,100,125,52,105,52,71
Honedge,LC,Steel,Ghost,45,80,100,35,37,28
Hoopa,RU,Psychic,Ghost,80,110,60,150,130,70
Hoopa-Unbound,OU,Psychic,Dark,80,160,60,170,130,80
Hoothoot,LC,Flying,Normal,60,30,30,36,56,50
Hoppip,LC,Flying,Grass,35,35,40,35,55,50
Horsea,LC,Water,NOT2,30,40,70,70,25,60
Houndoom,NU,Dark,Fire,75,90,50,110,80,95
Houndoom-Mega,RU,Dark,Fire,75,90,90,140,90,115
Houndour,LC,Dark,Fire,45,60,30,80,50,65
Huntail,PU,Water,NOT2,55,104,105,94,75,52
Hydreigon,UU,Dark,Dragon,92,105,90,125,90,98
Hypno,PU,Psychic,NOT2,85,73,70,73,115,67
Igglybuff,LC,Normal,Fairy,90,30,15,40,20,15
Illumise,PU,Bug,NOT2,65,47,75,73,85,85
Incineroar,NU,Fire,Dark,95,115,90,80,90,60
Infernape,UU,Fighting,Fire,76,104,71,104,71,108
Inkay,LC,Dark,Psychic,53,54,53,37,46,45
Jangmo-o,LC,Dragon,NOT2,45,55,65,45,45,45
Jellicent,NU,Ghost,Water,100,60,70,85,105,60
Jirachi,OU,Psychic,Steel,100,100,100,100,100,100
Jolteon,RU,Electric,NOT2,65,65,60,110,95,130
Joltik,LC,Bug,Electric,50,47,50,57,50,65
Jumpluff,PU,Flying,Grass,75,55,70,55,95,110
Jynx,PU,Ice,Psychic,65,50,35,115,95,95
Kabuto,LC,Rock,Water,30,80,90,55,45,55
Kabutops,PU,Rock,Water,60,115,105,65,70,80
Kangaskhan,PU,Normal,NOT2,105,95,80,40,80,90
Kangaskhan-Mega,Uber,Normal,NOT2,105,125,100,60,100,100
Karrablast,LC,Bug,NOT2,50,75,45,40,45,60
Kartana,OU,Grass,Steel,59,181,131,59,31,109
Kecleon,PU,Normal,NOT2,60,90,70,60,120,40
Keldeo,OU,Fighting,Water,91,72,90,129,90,108
Kingdra,NU,Dragon,Water,75,95,95,95,95,85
Kingler,PU,Water,NOT2,55,130,115,50,50,75
Klefki,UU,Steel,Fairy,57,80,91,80,87,75
Klink,LC,Steel,NOT2,40,55,70,45,60,30
Klinklang,NU,Steel,NOT2,60,100,115,70,85,90
Koffing,LC,Poison,NOT2,40,65,95,60,45,35
Komala,PU,Normal,NOT2,65,115,65,75,95,65
Kommo-o,UU,Dragon,Fighting,75,110,125,100,105,85
Krabby,LC,Water,NOT2,30,105,90,25,25,50
Kricketot,LC,Bug,NOT2,37,25,41,25,41,25
Kricketune,PU,Bug,NOT2,77,85,51,55,51,65
Krookodile,UU,Dark,Ground,95,117,80,65,70,92
Kyogre,Uber,Water,NOT2,100,100,90,150,140,90
Kyogre-Primal,Uber,Water,NOT2,100,150,90,180,160,90
Kyurem,RU,Dragon,Ice,125,130,90,130,90,95
Kyurem-Black,OU,Dragon,Ice,125,170,100,120,90,95
Kyurem-White,Uber,Dragon,Ice,125,120,90,170,100,95
Landorus,Uber,Flying,Ground,89,125,90,115,80,101
Landorus-Therian,OU,Flying,Ground,89,145,90,105,80,91
Lanturn,PU,Electric,Water,125,58,58,76,76,67
Lapras,PU,Ice,Water,130,85,80,85,95,60
Larvesta,LC,Bug,Fire,55,85,55,50,55,60
Larvitar,LC,Ground,Rock,50,64,50,45,50,41
Latias,UU,Dragon,Psychic,80,80,90,110,130,110
Latias-Mega,OU,Dragon,Psychic,80,100,120,140,150,110
Latios,OU,Dragon,Psychic,80,90,80,130,110,110
Latios-Mega,OU,Dragon,Psychic,80,130,100,160,120,110
Leafeon,PU,Grass,NOT2,65,110,130,60,65,95
Leavanny,PU,Bug,Grass,75,103,80,70,80,92
Ledian,PU,Bug,Flying,55,35,50,55,110,85
Ledyba,LC,Bug,Flying,40,20,30,40,80,55
Lickilicky,PU,Normal,NOT2,110,85,95,80,95,50
Lickitung,LC,Normal,NOT2,90,55,75,60,75,30
Liepard,PU,Dark,NOT2,64,88,50,88,50,106
Lileep,LC,Grass,Rock,66,41,77,61,87,23
Lilligant,PU,Grass,NOT2,70,60,75,110,75,90
Lillipup,LC,Normal,NOT2,45,60,45,25,45,55
Linoone,RU,Normal,NOT2,78,70,61,50,61,100
Litleo,LC,Fire,Normal,62,50,58,73,54,72
Litten,LC,Fire,NOT2,45,65,40,60,40,70
Litwick,LC,Fire,Ghost,50,30,55,65,55,20
Lopunny,PU,Normal,NOT2,65,76,84,54,96,105
Lopunny-Mega,OU,Normal,Fighting,65,136,94,54,96,135
Lotad,LC,Grass,Water,40,30,30,40,50,30
Lucario,RU,Fighting,Steel,70,110,70,115,70,90
Lucario-Mega,Uber,Fighting,Steel,70,145,88,140,70,112
Ludicolo,PU,Grass,Water,80,70,70,90,100,70
Lugia,Uber,Flying,Psychic,106,90,130,90,154,110
Lumineon,PU,Water,NOT2,69,69,76,69,86,91
Lunala,Uber,Psychic,Ghost,137,113,89,137,107,97
Lunatone,PU,Psychic,Rock,90,55,65,95,85,70
Lurantis,PU,Grass,NOT2,70,105,90,80,90,45
Luvdisc,PU,Water,NOT2,43,30,55,40,65,97
Luxray,PU,Electric,NOT2,80,120,79,95,79,70
Lycanroc,PU,Rock,NOT2,75,115,65,55,65,112
Lycanroc-Dusk,RU,Rock,NOT2,75,117,65,55,65,110
Lycanroc-Midnight,PU,Rock,NOT2,85,115,75,55,75,82
Machamp,RU,Fighting,NOT2,90,130,80,65,85,55
Machop,LC,Fighting,NOT2,70,80,50,35,35,35
Magby,LC,Fire,NOT2,45,75,37,70,55,83
Magcargo,PU,Fire,Rock,60,50,120,90,80,30
Magearna,OU,Steel,Fairy,80,95,115,130,115,65
Magikarp,LC,Water,NOT2,20,10,55,15,20,80
Magmortar,PU,Fire,NOT2,75,95,67,125,95,83
Magnemite,LC,Electric,Steel,25,35,70,95,55,45
Magneton,UU,Electric,Steel,50,60,95,120,70,70
Magnezone,OU,Electric,Steel,70,70,115,130,90,60
Makuhita,LC,Fighting,NOT2,72,60,30,20,30,25
Malamar,NU,Dark,Psychic,86,92,88,68,75,73
Mamoswine,OU,Ground,Ice,110,130,80,70,60,80
Manaphy,UU,Water,NOT2,100,100,100,100,100,100
Mandibuzz,RU,Dark,Flying,110,65,105,55,95,80
Manectric,PU,Electric,NOT2,70,75,60,105,60,105
Manectric-Mega,UU,Electric,NOT2,70,75,80,135,80,135
Mankey,LC,Fighting,NOT2,40,80,35,35,45,70
Mantine,UU,Flying,Water,85,40,70,80,140,70
Mantyke,LC,Flying,Water,45,20,50,60,120,50
Maractus,PU,Grass,NOT2,75,86,67,106,67,60
Mareanie,LC,Poison,Water,50,53,62,43,52,45
Mareep,LC,Electric,NOT2,55,40,40,65,45,35
Marowak,PU,Ground,NOT2,60,80,110,50,80,45
Marowak-Alola,UU,Fire,Ghost,60,80,110,50,80,45
Marshadow,Uber,Fighting,Ghost,90,125,80,90,90,125
Masquerain,PU,Bug,Flying,70,60,62,100,82,80
Mawile,PU,Steel,Fairy,50,85,85,55,55,50
Mawile-Mega,OU,Steel,Fairy,50,105,125,55,95,50
Medicham,NU,Fighting,Psychic,60,60,75,60,75,80
Medicham-Mega,OU,Fighting,Psychic,60,100,85,80,85,100
Meganium,PU,Grass,NOT2,80,82,100,83,100,80
Meloetta,RU,Normal,Psychic,100,77,77,128,128,90
Meloetta-Pirouette,RU,Normal,Fighting,100,128,90,77,77,128
Meowstic-F,PU,Psychic,NOT2,74,48,76,83,81,104
Meowstic-M,PU,Psychic,NOT2,74,48,76,83,81,104
Meowth,LC,Normal,NOT2,40,45,35,40,40,90
Meowth-Alola,LC,Dark,NOT2,40,35,35,50,40,90
Mesprit,PU,Psychic,NOT2,80,105,105,105,105,80
Metagross,UU,Psychic,Steel,80,135,130,95,90,70
Metagross-Mega,Uber,Steel,Psychic,80,145,150,105,110,110
Mew,OU,Psychic,NOT2,100,100,100,100,100,100
Mewtwo,Uber,Psychic,NOT2,106,110,90,154,90,130
Mewtwo-Mega-X,Uber,Psychic,Fighting,106,190,100,154,100,130
Mewtwo-Mega-Y,Uber,Psychic,NOT2,106,150,70,194,120,140
Mienfoo,LC,Fighting,NOT2,45,85,50,55,50,65
Mienshao,RU,Fighting,NOT2,65,125,60,95,60,105
Mightyena,PU,Dark,NOT2,70,90,70,60,60,70
Milotic,RU,Water,NOT2,95,60,79,100,125,81
Miltank,NU,Normal,NOT2,95,80,105,40,70,100
Mime Jr.,LC,Psychic,Fairy,20,25,45,70,90,60
Mimikyu,OU,Ghost,Fairy,55,90,80,50,105,96
Minccino,LC,Normal,NOT2,55,50,40,40,40,75
Minior,NU,Rock,Flying,60,100,60,100,60,120
Minior-Meteor,NU,Rock,Flying,60,60,100,60,100,60
Minun,PU,Electric,NOT2,60,40,50,75,85,95
Mismagius,NU,Ghost,NOT2,60,60,60,105,105,105
Moltres,RU,Fire,Flying,90,100,90,125,85,90
Morelull,LC,Grass,Fairy,40,35,55,65,75,15
Mothim,PU,Bug,Flying,70,94,50,94,50,66
Mr. Mime,PU,Psychic,Fairy,40,45,65,100,120,90
Mudbray,LC,Ground,NOT2,70,100,70,45,55,45
Mudkip,LC,Water,NOT2,50,70,50,50,50,40
Mudsdale,PU,Ground,NOT2,100,125,100,55,85,35
Muk,PU,Poison,NOT2,105,105,75,65,100,50
Muk-Alola,UU,Poison,Dark,105,105,75,65,100,50
Munchlax,LC,Normal,NOT2,135,85,40,40,85,5
Munna,LC,Psychic,NOT2,76,25,45,67,55,24
Musharna,PU,Psychic,NOT2,116,55,85,107,95,29
Naganadel,Uber,Poison,Dragon,73,73,73,127,73,121
Natu,LC,Flying,Psychic,40,50,45,70,45,70
Necrozma,RU,Psychic,NOT2,97,107,101,127,89,79
Necrozma-Dawn Wings,Uber,Psychic,Ghost,97,113,109,157,127,77
Necrozma-Dawn Wings-Ultra,Uber,Psychic,Dragon,97,167,97,167,97,129
Necrozma-Dusk Mane,Uber,Psychic,Steel,97,157,127,113,109,77
Necrozma-Dusk Mane-Ultra,Uber,Psychic,Dragon,97,167,97,167,97,129
Nidoking,UU,Ground,Poison,81,102,77,85,75,85
Nidoqueen,RU,Ground,Poison,90,92,87,75,85,76
Nidoran-F,LC,Poison,NOT2,55,47,52,40,40,41
Nidoran-M,LC,Poison,NOT2,46,57,40,40,40,50
Nihilego,UU,Rock,Poison,109,53,47,127,131,103
Nincada,LC,Bug,Ground,31,45,90,30,30,40
Ninetales,PU,Fire,NOT2,73,76,75,81,100,100
Ninetales-Alola,UU,Ice,Fairy,73,67,75,81,100,109
Ninjask,PU,Bug,Flying,61,90,45,50,50,160
Noctowl,PU,Flying,Normal,100,50,50,86,96,70
Noibat,LC,Flying,Dragon,40,30,35,45,40,55
Noivern,NU,Flying,Dragon,85,70,80,97,80,123
Nosepass,LC,Rock,NOT2,30,45,135,45,90,30
Numel,LC,Fire,Ground,60,60,40,65,45,35
Octillery,PU,Water,NOT2,75,105,75,105,75,45
Oddish,LC,Grass,Poison,45,50,55,75,65,30
Omanyte,LC,Rock,Water,35,40,100,90,55,35
Omastar,NU,Rock,Water,70,60,125,115,70,55
Onix,LC,Ground,Rock,35,45,160,30,45,70
Oranguru,PU,Normal,Psychic,90,60,80,90,110,60
Oricorio,PU,Fire,Flying,75,70,70,98,70,93
Oricorio-Pa'u,PU,Psychic,Flying,75,70,70,98,70,93
Oricorio-Pom-Pom,PU,Electric,Flying,75,70,70,98,70,93
Oricorio-Sensu,PU,Ghost,Flying,75,70,70,98,70,93
Oshawott,LC,Water,NOT2,55,55,45,63,45,45
Pachirisu,PU,Electric,NOT2,60,45,70,45,90,95
Palkia,Uber,Dragon,Water,90,120,100,150,120,100
Palossand,NU,Ghost,Ground,85,75,110,100,75,35
Pancham,LC,Fighting,NOT2,67,82,62,46,48,43
Pangoro,RU,Fighting,Dark,95,124,78,69,71,58
Panpour,LC,Water,NOT2,50,53,48,53,48,64
Pansage,LC,Grass,NOT2,50,53,48,53,48,64
Pansear,LC,Fire,NOT2,50,53,48,53,48,64
Paras,LC,Bug,Grass,35,70,55,45,55,25
Parasect,PU,Bug,Grass,60,95,80,60,80,30
Passimian,NU,Fighting,NOT2,100,120,90,40,60,80
Patrat,LC,Normal,NOT2,45,55,39,35,39,42
Pawniard,LC,Dark,Steel,45,85,70,40,40,60
Pelipper,OU,Flying,Water,60,50,100,95,70,65
Persian,PU,Normal,NOT2,65,70,60,65,65,115
Persian-Alola,PU,Dark,NOT2,65,60,60,75,65,115
Petilil,LC,Grass,NOT2,45,35,50,70,50,30
Phanpy,LC,Ground,NOT2,90,60,60,40,40,40
Phantump,LC,Ghost,Grass,43,70,48,50,60,38
Pheromosa,Uber,Bug,Fighting,71,137,37,137,37,151
Phione,PU,Water,NOT2,80,80,80,80,80,80
Pichu,LC,Electric,NOT2,20,40,15,35,35,60
Pidgeot,PU,Flying,Normal,83,80,75,70,70,101
Pidgeot-Mega,UU,Normal,Flying,83,80,80,135,80,121
Pidgey,LC,Flying,Normal,40,45,40,35,35,56
Pidove,LC,Flying,Normal,50,55,50,36,30,43
Pikipek,LC,Normal,Flying,35,75,30,30,30,65
Piloswine,NU,Ground,Ice,100,100,80,60,60,50
Pineco,LC,Bug,NOT2,50,65,90,35,35,15
Pinsir,PU,Bug,NOT2,65,125,100,55,70,85
Pinsir-Mega,OU,Bug,Flying,65,155,120,65,90,105
Piplup,LC,Water,NOT2,53,51,53,61,56,40
Plusle,PU,Electric,NOT2,60,50,40,85,75,95
Politoed,PU,Water,NOT2,90,75,75,90,100,70
Poliwag,LC,Water,NOT2,40,50,40,40,40,90
Poliwrath,PU,Fighting,Water,90,95,95,70,90,70
Ponyta,LC,Fire,NOT2,50,85,55,65,65,90
Poochyena,LC,Dark,NOT2,35,55,35,30,30,35
Popplio,LC,Water,NOT2,50,54,54,66,56,40
Porygon-Z,UU,Normal,NOT2,85,80,70,135,75,90
Porygon2,RU,Normal,NOT2,85,80,90,105,95,60
Primarina,UU,Water,Fairy,80,74,74,126,116,60
Primeape,PU,Fighting,NOT2,65,105,60,60,70,95
Probopass,PU,Rock,Steel,60,55,145,75,150,40
Psyduck,LC,Water,NOT2,50,52,48,65,50,55
Pumpkaboo,LC,Ghost,Grass,49,66,70,44,55,51
Pumpkaboo-Large,LC,Ghost,Grass,54,66,70,44,55,46
Pumpkaboo-Small,LC,Ghost,Grass,44,66,70,44,55,56
Pumpkaboo-Super,LC,Ghost,Grass,59,66,70,44,55,41
Purrloin,LC,Dark,NOT2,41,50,37,50,37,66
Purugly,PU,Normal,NOT2,71,82,64,64,59,112
Pyroar,PU,Fire,Normal,86,68,72,109,66,106
Pyukumuku,PU,Water,NOT2,55,60,130,30,130,5
Quagsire,RU,Ground,Water,95,85,85,65,65,35
Qwilfish,NU,Poison,Water,65,95,85,55,55,85
Raichu,PU,Electric,NOT2,60,90,55,90,80,110
Raichu-Alola,PU,Electric,Psychic,60,85,50,95,85,110
Raikou,UU,Electric,NOT2,90,85,75,115,100,115
Ralts,LC,Psychic,Fairy,28,25,25,45,35,40
Rampardos,PU,Rock,NOT2,97,165,60,65,50,58
Rapidash,PU,Fire,NOT2,65,100,70,80,80,105
Raticate,PU,Normal,NOT2,55,81,60,50,70,97
Raticate-Alola,PU,Dark,Normal,75,71,70,40,80,77
Rattata,LC,Normal,NOT2,30,56,35,25,35,72
Rattata-Alola,LC,Dark,Normal,30,56,35,25,35,72
Rayquaza,Uber,Dragon,Flying,105,150,90,150,90,95
Regice,PU,Ice,NOT2,80,50,100,100,200,50
Regigigas,PU,Normal,NOT2,110,160,110,80,110,100
Regirock,PU,Rock,NOT2,80,100,200,50,100,50
Registeel,RU,Steel,NOT2,80,75,150,75,150,50
Relicanth,PU,Rock,Water,100,90,130,45,65,55
Remoraid,LC,Water,NOT2,35,65,35,65,35,65
Reshiram,Uber,Dragon,Fire,100,120,100,150,120,90
Reuniclus,RU,Psychic,NOT2,110,65,75,125,85,30
Rhydon,NU,Ground,Rock,105,130,120,45,45,40
Rhyhorn,LC,Ground,Rock,80,85,95,30,30,25
Rhyperior,RU,Ground,Rock,115,140,130,55,55,40
Ribombee,RU,Bug,Fairy,60,55,60,95,70,124
Riolu,LC,Fighting,NOT2,40,70,40,35,40,60
Rockruff,LC,Rock,NOT2,45,65,40,30,40,60
Roggenrola,LC,Rock,NOT2,55,75,85,25,25,15
Roserade,RU,Grass,Poison,60,70,65,125,105,90
Rotom,NU,Electric,Ghost,50,50,77,95,77,91
Rotom-Fan,PU,Electric,Flying,50,65,107,105,107,86
Rotom-Frost,PU,Electric,Ice,50,65,107,105,107,86
Rotom-Heat,RU,Electric,Fire,50,65,107,105,107,86
Rotom-Mow,RU,Electric,Grass,50,65,107,105,107,86
Rotom-Wash,OU,Electric,Water,50,65,107,105,107,86
Rowlet,LC,Grass,Flying,68,55,55,50,50,42
Rufflet,LC,Flying,Normal,70,83,50,37,50,60
Sableye,PU,Dark,Ghost,50,75,75,65,65,50
Sableye-Mega,OU,Dark,Ghost,50,85,125,85,115,20
Salamence,UU,Dragon,Flying,95,135,80,110,80,100
Salamence-Mega,Uber,Dragon,Flying,95,145,130,120,90,120
Salandit,LC,Poison,Fire,48,44,40,71,40,77
Salazzle,RU,Poison,Fire,68,64,60,111,60,117
Samurott,PU,Water,NOT2,95,100,85,108,70,70
Sandile,LC,Dark,Ground,50,72,35,35,35,65
Sandshrew,LC,Ground,NOT2,50,75,85,20,30,40
Sandshrew-Alola,LC,Ice,Steel,50,75,90,10,35,40
Sandslash,PU,Ground,NOT2,75,100,110,45,55,65
Sandslash-Alola,PU,Ice,Steel,75,100,120,25,65,65
Sandygast,LC,Ghost,Ground,55,55,80,70,45,15
Sawk,PU,Fighting,NOT2,75,125,75,30,75,85
Sawsbuck,PU,Grass,Normal,80,100,70,60,70,95
Scatterbug,LC,Bug,NOT2,38,35,40,27,25,35
Sceptile,NU,Grass,NOT2,70,85,65,105,85,120
Sceptile-Mega,UU,Grass,Dragon,70,110,75,145,85,145
Scizor,UU,Bug,Steel,70,130,100,55,80,65
Scizor-Mega,OU,Bug,Steel,70,150,140,65,100,75
Scolipede,UU,Bug,Poison,60,100,89,55,69,112
Scrafty,NU,Dark,Fighting,65,90,115,45,115,58
Scraggy,LC,Dark,Fighting,50,75,70,35,70,48
Scyther,NU,Bug,Flying,70,110,80,55,80,105
Seaking,PU,Water,NOT2,80,92,65,65,80,68
Seedot,LC,Grass,NOT2,40,40,50,30,30,30
Seel,LC,Water,NOT2,65,45,55,45,70,45
Seismitoad,UU,Ground,Water,105,95,75,85,75,74
Sentret,LC,Normal,NOT2,35,46,34,35,45,20
Serperior,UU,Grass,NOT2,75,75,95,75,95,113
Seviper,PU,Poison,NOT2,73,100,60,100,60,65
Sewaddle,LC,Bug,Grass,45,53,70,40,60,42
Sharpedo,RU,Dark,Water,70,120,40,95,40,95
Sharpedo-Mega,UU,Water,Dark,70,140,70,110,65,105
Shaymin,RU,Grass,NOT2,100,100,100,100,100,100
Shaymin-Sky,Uber,Flying,Grass,100,103,75,120,75,127
Shedinja,PU,Bug,Ghost,1,90,45,30,30,40
Shellder,LC,Water,NOT2,30,65,100,45,25,40
Shellos,LC,Water,NOT2,76,48,48,57,62,34
Shelmet,LC,Bug,NOT2,50,40,85,40,65,25
Shieldon,LC,Rock,Steel,30,42,118,42,88,30
Shiftry,PU,Dark,Grass,90,100,60,90,60,80
Shiinotic,PU,Grass,Fairy,60,45,80,90,100,30
Shinx,LC,Electric,NOT2,45,65,34,40,34,45
Shroomish,LC,Grass,NOT2,60,40,60,40,60,35
Shuckle,PU,Bug,Rock,20,10,230,10,230,5
Shuppet,LC,Ghost,NOT2,44,75,35,63,33,45
Sigilyph,NU,Flying,Psychic,72,58,80,103,80,97
Silvally,PU,Normal,NOT2,95,95,95,95,95,95
Simipour,PU,Water,NOT2,75,98,63,98,63,101
Simisage,PU,Grass,NOT2,75,98,63,98,63,101
Simisear,PU,Fire,NOT2,75,98,63,98,63,101
Skarmory,OU,Flying,Steel,65,80,140,40,70,70
Skiddo,LC,Grass,NOT2,66,65,48,62,57,52
Skitty,LC,Normal,NOT2,50,45,45,35,35,50
Skorupi,LC,Bug,Poison,40,50,90,30,55,65
Skrelp,LC,Poison,Water,50,60,60,60,60,30
Skuntank,PU,Dark,Poison,103,93,67,71,61,84
Slaking,PU,Normal,NOT2,150,160,100,95,65,100
Slakoth,LC,Normal,NOT2,60,60,60,35,35,30
Slowbro,NU,Psychic,Water,95,75,110,100,80,30
Slowbro-Mega,UU,Water,Psychic,95,75,180,130,80,30
Slowking,NU,Psychic,Water,95,75,80,100,110,30
Slowpoke,LC,Psychic,Water,90,65,65,40,40,15
Slugma,LC,Fire,NOT2,40,40,40,70,40,20
Slurpuff,NU,Fairy,NOT2,82,80,86,85,75,72
Smeargle,PU,Normal,NOT2,55,20,35,20,45,75
Smoochum,LC,Ice,Psychic,45,30,15,85,65,65
Sneasel,NU,Dark,Ice,55,95,55,35,75,115
Snivy,LC,Grass,NOT2,45,45,55,45,55,63
Snorlax,RU,Normal,NOT2,160,110,65,65,110,30
Snorunt,LC,Ice,NOT2,50,50,50,50,50,50
Snover,LC,Grass,Ice,60,62,50,62,60,40
Snubbull,LC,Fairy,NOT2,60,80,50,40,40,30
Solgaleo,Uber,Psychic,Steel,137,137,107,113,89,97
Solosis,LC,Psychic,NOT2,45,30,40,105,50,20
Solrock,PU,Psychic,Rock,90,95,85,55,65,70
Spearow,LC,Flying,Normal,40,60,30,31,31,70
Spheal,LC,Ice,Water,70,40,50,55,50,25
Spinarak,LC,Bug,Poison,40,60,40,40,40,30
Spinda,PU,Normal,NOT2,60,60,60,60,60,60
Spiritomb,PU,Dark,Ghost,50,92,108,92,108,35
Spoink,LC,Psychic,NOT2,60,25,35,70,80,60
Spritzee,LC,Fairy,NOT2,78,52,60,63,65,23
Squirtle,LC,Water,NOT2,44,48,65,50,64,43
Stakataka,UU,Rock,Steel,61,131,211,53,101,13
Stantler,PU,Normal,NOT2,73,95,62,85,65,85
Staraptor,UU,Flying,Normal,85,120,70,50,60,100
Starly,LC,Flying,Normal,40,55,30,30,30,60
Starmie,UU,Psychic,Water,60,75,85,100,85,115
Staryu,LC,Water,NOT2,30,45,55,70,55,85
Steelix,NU,Ground,Steel,75,85,200,55,65,30
Steelix-Mega,RU,Steel,Ground,75,125,230,55,95,30
Stoutland,PU,Normal,NOT2,85,110,90,45,90,80
Stufful,LC,Normal,Fighting,70,75,50,45,50,50
Stunfisk,PU,Electric,Ground,109,66,84,81,99,32
Stunky,LC,Dark,Poison,63,63,47,41,41,74
Sudowoodo,PU,Rock,NOT2,70,100,115,30,65,30
Suicune,UU,Water,NOT2,100,75,115,90,115,85
Sunflora,PU,Grass,NOT2,75,75,55,105,85,30
Sunkern,LC,Grass,NOT2,30,30,30,30,30,30
Surskit,LC,Bug,Water,40,30,32,50,52,65
Swablu,LC,Flying,Normal,45,40,60,40,75,50
Swalot,PU,Poison,NOT2,100,73,83,73,83,55
Swampert,UU,Water,Ground,100,110,90,85,90,60
Swampert-Mega,OU,Water,Ground,100,150,110,95,110,70
Swanna,PU,Flying,Water,75,87,63,87,63,98
Swellow,RU,Flying,Normal,60,85,60,75,50,125
Swinub,LC,Ground,Ice,50,50,40,30,30,50
Swoobat,PU,Flying,Psychic,67,57,55,77,55,114
Sylveon,UU,Fairy,NOT2,95,65,65,110,130,60
Taillow,LC,Flying,Normal,40,55,30,30,30,85
Talonflame,RU,Fire,Flying,78,81,71,74,69,126
Tangrowth,OU,Grass,NOT2,100,100,125,110,50,50
Tapu Bulu,OU,Grass,Fairy,70,130,115,85,95,75
Tapu Fini,OU,Water,Fairy,70,75,115,95,130,85
Tapu Koko,OU,Electric,Fairy,70,115,85,95,75,130
Tapu Lele,OU,Psychic,Fairy,70,85,75,130,115,95
Tauros,PU,Normal,NOT2,75,100,95,40,70,110
Teddiursa,LC,Normal,NOT2,60,80,50,50,50,40
Tentacool,LC,Poison,Water,40,40,35,50,100,70
Tentacruel,UU,Poison,Water,80,70,65,80,120,100
Tepig,LC,Fire,NOT2,65,63,45,45,45,45
Terrakion,UU,Fighting,Rock,91,129,90,72,90,108
Throh,PU,Fighting,NOT2,120,100,85,30,85,45
Thundurus,UU,Electric,Flying,79,115,70,125,80,111
Thundurus-Therian,UU,Electric,Flying,79,105,70,145,80,101
Timburr,LC,Fighting,NOT2,75,80,55,25,35,35
Tirtouga,LC,Rock,Water,54,78,103,53,45,22
Togedemaru,PU,Electric,Steel,65,98,63,40,73,96
Togekiss,UU,Flying,Fairy,85,50,95,120,115,80
Togepi,LC,Fairy,NOT2,35,20,65,40,65,20
Togetic,PU,Fairy,Flying,55,40,85,80,105,40
Torkoal,PU,Fire,NOT2,70,85,140,85,70,20
Tornadus,RU,Flying,NOT2,79,115,70,125,80,111
Tornadus-Therian,OU,Flying,NOT2,79,100,80,110,90,121
Torterra,PU,Grass,Ground,95,109,105,75,85,56
Totodile,LC,Water,NOT2,50,65,64,44,48,43
Toucannon,PU,Normal,Flying,80,120,75,75,75,60
Toxapex,OU,Poison,Water,50,63,152,53,142,35
Toxicroak,NU,Fighting,Poison,83,106,65,86,65,85
Trapinch,LC,Ground,NOT2,45,100,45,45,45,10
Treecko,LC,Grass,NOT2,40,45,35,65,55,70
Trevenant,PU,Ghost,Grass,85,110,76,65,82,56
Tropius,PU,Flying,Grass,99,68,83,72,87,51
Trubbish,LC,Poison,NOT2,50,50,62,40,62,65
Tsareena,RU,Grass,NOT2,72,120,98,50,98,72
Turtonator,PU,Fire,Dragon,60,78,135,91,85,36
Turtwig,LC,Grass,NOT2,55,68,64,45,55,31
Tympole,LC,Water,NOT2,50,50,40,50,40,64
Tynamo,LC,Electric,NOT2,35,55,40,45,40,60
Type: Null,PU,Normal,NOT2,95,95,95,95,95,59
Typhlosion,PU,Fire,NOT2,78,84,78,109,85,100
Tyranitar,OU,Dark,Rock,100,134,110,95,100,61
Tyranitar-Mega,OU,Rock,Dark,100,164,150,95,120,71
Tyrantrum,RU,Rock,Dragon,82,121,119,69,59,71
Tyrogue,LC,Fighting,NOT2,35,35,35,35,35,35
Tyrunt,LC,Rock,Dragon,58,89,77,45,45,48
Umbreon,RU,Dark,NOT2,95,65,110,60,130,65
Unfezant,PU,Flying,Normal,80,115,80,65,55,93
Unown,PU,Psychic,NOT2,48,72,48,72,48,48
Ursaring,PU,Normal,NOT2,90,130,75,75,75,55
Uxie,NU,Psychic,NOT2,75,75,130,75,130,95
Vanillite,LC,Ice,NOT2,36,50,50,65,60,44
Vanilluxe,NU,Ice,NOT2,71,95,85,110,95,79
Vaporeon,NU,Water,NOT2,130,65,60,110,95,65
Venipede,LC,Bug,Poison,30,45,59,30,39,57
Venomoth,RU,Bug,Poison,70,65,60,90,75,90
Venonat,LC,Bug,Poison,60,55,50,40,55,45
Venusaur,NU,Grass,Poison,80,82,83,100,100,80
Venusaur-Mega,OU,Grass,Poison,80,100,123,122,120,80
Vespiquen,PU,Bug,Flying,70,80,102,80,102,40
Victini,OU,Fire,Psychic,100,100,100,100,100,100
Victreebel,PU,Grass,Poison,80,105,65,100,70,70
Vikavolt,NU,Bug,Electric,77,70,90,145,75,43
Vileplume,NU,Grass,Poison,75,80,85,110,90,50
Virizion,RU,Fighting,Grass,91,90,72,90,129,108
Vivillon,NU,Bug,Flying,80,52,50,90,50,89
Volbeat,PU,Bug,NOT2,65,73,75,47,85,85
Volcanion,UU,Fire,Water,80,110,120,130,90,70
Volcarona,OU,Bug,Fire,85,60,65,135,105,100
Voltorb,LC,Electric,NOT2,40,30,50,55,55,100
Vullaby,LC,Dark,Flying,70,55,75,45,65,60
Vulpix-Alola,LC,Ice,NOT2,38,41,40,50,65,65
Wailmer,LC,Water,NOT2,130,70,35,70,35,60
Wailord,PU,Water,NOT2,170,90,45,90,45,60
Walrein,PU,Ice,Water,110,80,90,95,90,65
Watchog,PU,Normal,NOT2,60,85,69,60,69,77
Weavile,UU,Dark,Ice,70,120,65,45,85,125
Weedle,LC,Bug,Poison,40,35,30,20,20,50
Weezing,PU,Poison,NOT2,65,90,120,85,70,60
Whimsicott,NU,Grass,Fairy,60,67,85,77,75,116
Whiscash,PU,Ground,Water,110,78,73,76,71,60
Whismur,LC,Normal,NOT2,64,51,23,51,23,28
Wigglytuff,PU,Normal,Fairy,140,70,45,85,50,45
Wimpod,LC,Bug,Water,25,35,40,20,30,80
Wingull,LC,Flying,Water,40,30,30,55,30,85
Wishiwashi,PU,Water,NOT2,45,20,20,25,25,40
Wishiwashi-School,PU,Water,NOT2,45,140,130,140,135,30
Wobbuffet,PU,Psychic,NOT2,190,33,58,33,58,33
Woobat,LC,Flying,Psychic,65,45,43,55,43,72
Wooper,LC,Ground,Water,55,45,45,25,25,15
Wormadam,PU,Bug,Grass,60,59,85,79,105,36
Wormadam-Sandy,PU,Bug,Ground,60,79,105,59,85,36
Wormadam-Trash,PU,Bug,Steel,60,69,95,69,95,36
Wurmple,LC,Bug,NOT2,45,45,35,20,30,20
Wynaut,LC,Psychic,NOT2,95,23,48,23,48,23
Xatu,NU,Flying,Psychic,65,75,70,95,70,95
Xerneas,Uber,Fairy,NOT2,126,131,95,131,98,99
Xurkitree,UU,Electric,NOT2,83,89,71,173,71,83
Yamask,LC,Ghost,NOT2,38,30,85,55,65,30
Yanmega,RU,Bug,Flying,86,76,86,116,56,95
Yungoos,LC,Normal,NOT2,48,70,30,30,30,45
Yveltal,Uber,Dark,Flying,126,131,95,131,98,99
Zangoose,PU,Normal,NOT2,73,115,60,60,60,90
Zapdos,OU,Electric,Flying,90,90,85,125,90,100
Zebstrika,PU,Electric,NOT2,75,100,63,80,63,116
Zekrom,Uber,Dragon,Electric,100,150,120,120,100,90
Zigzagoon,LC,Normal,NOT2,38,30,41,30,41,60
Zoroark,RU,Dark,NOT2,60,105,60,120,60,105
Zorua,LC,Dark,NOT2,40,65,40,80,40,65
Zubat,LC,Flying,Poison,40,45,35,30,40,55
Zygarde,OU,Dragon,Ground,108,100,121,81,95,95
Zygarde-10%,RU,Dragon,Ground,54,100,71,61,85,115
Zygarde-Complete,Uber,Dragon,Ground,216,100,121,91,95,85
